{"num_classes": 2, "lr": 0.00024866555826828454, "batch_size": 16, "num_layers": 4, "dropout": 0.35346454212431155}